,label,step,value
0,accuracy,0,0.0015625000232830644
1,loss,0,4.670867443084717
