,label,step,value
0,accuracy,0,0.004166666883975267
1,loss,0,4.481811046600342
