,label,step,value
0,accuracy,0,0.0031250000465661287
1,loss,0,4.633852481842041
